groupKey	totalCount	observedTerms	suggestedSynonyms	sources
synonym:ログ	273	記録(169,japanese); log(68,english); ログ(36,katakana)		Tracker/Design/tasks-status.md:61; Tracker/Design/DebugHost/debug-host-cli-ui-detail-design.md:49; Tracker/Design/Archive/Core/tasks-status.md:37; Tracker/Design/Core/tracker-history-000-038.md:32; Tracker/Tracker.DebugHost/README.md:29; Tracker/Design/Core/tracker-architecture-plan.md:23; Tracker/Design/Archive/DebugHost/tasks-status.md:9; Tracker/Design/DebugHost/debug-host-maintainability-design.md:8
synonym:ソース	263	source(260,english); ソースコード(3,katakana)	source program | sourcecode | ソース | ソースプログラム | 原始プログラム	Tracker/Design/DebugHost/debug-host-cli-ui-detail-design.md:146; Tracker/Design/DebugHost/raw-vision-viewer-plan.md:44; Tracker/Tracker.DebugHost/README.md:30; Tracker/Design/Core/tracker-architecture-plan.md:29; Tracker/Design/Core/tracker-core-engine-detail-design.md:6; Tracker/Design/RuntimeHost/runtime-host-plan.md:4; Tracker/Design/tasks-status.md:3; Tracker/Design/DebugHost/debug-host-maintainability-design.md:1
synonym:フィールド	235	field(214,english); 領域(21,japanese)	フィールド	Tracker/Design/DebugHost/debug-host-cli-ui-detail-design.md:92; Tracker/Design/DebugHost/raw-vision-viewer-plan.md:61; Tracker/Design/Core/tracker-architecture-plan.md:28; Tracker/Tracker.DebugHost/README.md:21; Tracker/Design/Core/tracker-history-000-038.md:10; Tracker/Design/Core/tracker-core-engine-detail-design.md:5; AGENTS.md:5; Tracker/Design/Core/tracker-test-maintainability-detail-design.md:3
synonym:フィニッシュ	197	完了(195,japanese); 完結(1,japanese); 終了(1,japanese)	finish | フィニッシュ	Tracker/Design/Archive/Core/tasks-status.md:55; Tracker/Design/Archive/DebugHost/tasks-status.md:51; Tracker/Design/tasks-status.md:31; Tracker/Design/Core/tracker-history-000-038.md:14; Tracker/Design/Core/tracker-architecture-plan.md:13; Tracker/Design/Archive/Core/phases-status.md:9; Tracker/Design/phases-status.md:9; Tracker/Design/Archive/DebugHost/phases-status.md:7
synonym:セッティング	175	設定(174,japanese); setting(1,english)	セッティング	Tracker/Design/Core/tracker-architecture-plan.md:64; Tracker/Tracker.DebugHost/README.md:29; Tracker/Design/tasks-status.md:20; Tracker/Design/Core/tracker-history-000-038.md:13; Tracker/Design/DebugHost/raw-vision-viewer-plan.md:11; Tracker/Design/RuntimeHost/runtime-host-plan.md:10; Tracker/Design/Core/tracker-core-engine-detail-design.md:7; Tracker/Design/DebugHost/debug-host-cli-ui-detail-design.md:6
synonym:エグザミネーション	171	test(82,english); 試験(37,japanese); 検査(31,japanese); テスト(21,katakana)	examination | エグザミネーション | 考査 | 考試	Tracker/Design/Core/tracker-test-maintainability-detail-design.md:44; Tracker/Design/tasks-status.md:31; Tracker/Design/Core/tracker-history-000-038.md:27; Tracker/Design/Archive/DebugHost/tasks-status.md:14; Tracker/Design/Core/tracker-architecture-plan.md:12; tools/lint/README.md:11; Tracker/Design/phases-status.md:9; Tracker/Design/Core/tracker-core-engine-detail-design.md:6
synonym:セーブ	138	保存(135,japanese); 保管(3,japanese)	save | セーブ	Tracker/Design/DebugHost/debug-host-cli-ui-detail-design.md:42; Tracker/Design/Core/tracker-architecture-plan.md:27; Tracker/Tracker.DebugHost/README.md:18; Tracker/Design/tasks-status.md:14; Tracker/Design/DebugHost/raw-vision-viewer-plan.md:10; Tracker/Design/Archive/DebugHost/tasks-status.md:9; Tracker/Design/Archive/Core/tasks-status.md:6; Tracker/Design/RuntimeHost/runtime-host-plan.md:4
synonym:ロボ	109	robot(108,english); ロボット(1,katakana)	ロボ	Tracker/Design/Core/tracker-architecture-plan.md:43; Tracker/Design/Core/tracker-core-engine-detail-design.md:20; Tracker/Design/Core/tracker-history-000-038.md:17; Tracker/Design/DebugHost/debug-host-cli-ui-detail-design.md:11; Tracker/Tracker.DebugHost/README.md:10; Tracker/Design/Core/tracker-test-maintainability-detail-design.md:3; Tracker/Design/DebugHost/raw-vision-viewer-plan.md:3; Tracker/Design/DebugHost/debug-host-maintainability-design.md:1
synonym:アライメント	106	alignment(104,english); 整列(2,japanese)	アライメント	Tracker/Design/DebugHost/debug-host-cli-ui-detail-design.md:73; Tracker/Design/Core/tracker-architecture-plan.md:22; Tracker/Tracker.DebugHost/README.md:8; Tracker/Design/DebugHost/raw-vision-viewer-plan.md:3
synonym:チョイス	104	選択(94,japanese); choice(10,english)	チョイス	Tracker/Design/DebugHost/debug-host-cli-ui-detail-design.md:56; Tracker/Tracker.DebugHost/README.md:15; Tracker/Design/Core/tracker-architecture-plan.md:14; Tracker/Design/Archive/Core/tasks-status.md:7; Tracker/Design/DebugHost/raw-vision-viewer-plan.md:4; Tracker/Design/Archive/DebugHost/tasks-status.md:2; Tracker/Design/DebugHost/debug-host-maintainability-design.md:2; Tracker/Design/RuntimeHost/runtime-host-plan.md:2
synonym:アウトプット	103	出力(84,japanese); output(18,english); 成果物(1,japanese)	deliverable | アウトプット | デリバラブル | 作業結果	Tracker/Design/Core/tracker-architecture-plan.md:25; Tracker/Design/DebugHost/debug-host-cli-ui-detail-design.md:18; Tracker/Tracker.DebugHost/README.md:14; Tracker/Design/Core/tracker-core-engine-detail-design.md:8; Tracker/Design/Core/tracker-history-000-038.md:8; Tracker/Design/tasks-status.md:7; Tracker/Tracker.CaptureReplay/README.md:5; tools/lint/README.md:4
synonym:実施	102	実行(100,japanese); 実施(2,japanese)	施行	Tracker/Design/tasks-status.md:43; Tracker/Design/RuntimeHost/runtime-host-plan.md:8; tools/lint/README.md:6; Tracker/Design/Archive/DebugHost/tasks-status.md:5; Tracker/Design/Core/tracker-architecture-plan.md:5; Tracker/Design/Core/tracker-core-engine-detail-design.md:5; Tracker/Design/Core/tracker-test-maintainability-detail-design.md:5; Tracker/Design/phases-status.md:5
synonym:アップデート	100	更新(88,japanese); update(12,english)	アップデート	Tracker/Design/Core/tracker-architecture-plan.md:33; Tracker/Design/DebugHost/debug-host-cli-ui-detail-design.md:10; Tracker/Design/Core/tracker-core-engine-detail-design.md:9; Tracker/Design/tasks-status.md:9; Tracker/Design/DebugHost/raw-vision-viewer-plan.md:7; Tracker/Design/RuntimeHost/runtime-host-plan.md:7; Tracker/Design/Archive/Core/tasks-status.md:6; Tracker/Tracker.DebugHost/README.md:4
synonym:コンディション	98	状態(97,japanese); condition(1,english)	コンディション | 調子	Tracker/Design/Core/tracker-architecture-plan.md:29; Tracker/Design/DebugHost/debug-host-cli-ui-detail-design.md:11; Tracker/Design/tasks-status.md:10; Tracker/Design/DebugHost/raw-vision-viewer-plan.md:9; Tracker/Design/Archive/DebugHost/tasks-status.md:6; Tracker/Tracker.DebugHost/README.md:6; Tracker/Design/Archive/Core/tasks-status.md:5; Tracker/Design/Core/tracker-core-engine-detail-design.md:4
synonym:ファイル	85	file(52,english); ファイル(33,katakana)		Tracker/Design/Core/tracker-core-engine-detail-design.md:16; Tracker/Design/DebugHost/debug-host-cli-ui-detail-design.md:15; Tracker/Tracker.DebugHost/README.md:12; Tracker/Design/Core/tracker-history-000-038.md:11; Tracker/Design/Core/tracker-architecture-plan.md:9; Tracker/Design/Core/tracker-test-maintainability-detail-design.md:8; Tracker/Design/DebugHost/debug-host-maintainability-design.md:8; Tracker/Tracker.CaptureReplay/README.md:4
synonym:メタデータ	81	metadata(80,english); メタデータ(1,katakana)		Tracker/Design/DebugHost/debug-host-cli-ui-detail-design.md:28; Tracker/Design/Core/tracker-architecture-plan.md:16; Tracker/Tracker.DebugHost/README.md:15; Tracker/Design/DebugHost/raw-vision-viewer-plan.md:7; Tracker/Tracker.CaptureReplay/README.md:5; Tracker/Design/Core/tracker-history-000-038.md:3; Tracker/Design/RuntimeHost/runtime-host-plan.md:3; Tracker/Design/DebugHost/debug-host-maintainability-design.md:2
synonym:オフィシャル	73	official(67,english); 公式(6,japanese)	オフィシャル	Tracker/Design/Core/tracker-architecture-plan.md:34; Tracker/Tracker.DebugHost/README.md:11; Tracker/Design/DebugHost/debug-host-cli-ui-detail-design.md:9; Tracker/Design/tasks-status.md:6; Tracker/Design/Core/tracker-core-engine-detail-design.md:4; Tracker/Design/Core/tracker-history-000-038.md:3; Tracker/Design/RuntimeHost/runtime-host-plan.md:3; README.md:2
synonym:ドキュメント	72	文書(71,japanese); ドキュメント(1,katakana)	document	tools/lint/README.md:22; Tracker/Design/tasks-status.md:21; Tracker/Design/phases-status.md:10; Tracker/Design/Archive/Core/tasks-status.md:5; Tracker/Design/Archive/DebugHost/tasks-status.md:5; Tracker/Design/Archive/Core/phases-status.md:2; Tracker/Design/Archive/DebugHost/phases-status.md:2; Tracker/Design/DebugHost/debug-host-cli-ui-detail-design.md:2
synonym:インプット	71	入力(64,japanese); Input(7,english)	インプット	Tracker/Design/Core/tracker-architecture-plan.md:25; Tracker/Design/tasks-status.md:15; Tracker/Design/DebugHost/debug-host-cli-ui-detail-design.md:9; Tracker/Design/DebugHost/raw-vision-viewer-plan.md:9; Tracker/Design/Core/tracker-history-000-038.md:4; Tracker/Design/Core/tracker-test-maintainability-detail-design.md:3; Tracker/Design/DebugHost/debug-host-maintainability-design.md:3; Tracker/Tracker.CaptureReplay/README.md:1
synonym:サンプル	70	sample(40,english); 標本(29,japanese); サンプル(1,katakana)	見本	Tracker/Design/tasks-status.md:22; Tracker/Design/DebugHost/raw-vision-viewer-plan.md:15; Tracker/Design/RuntimeHost/runtime-host-plan.md:13; Tracker/Design/DebugHost/debug-host-cli-ui-detail-design.md:9; Tracker/Design/Archive/DebugHost/tasks-status.md:3; Tracker/Design/phases-status.md:3; Tracker/Tracker.DebugHost/README.md:2; Tracker/Design/Core/tracker-architecture-plan.md:1
synonym:参照	66	参照(63,japanese); 参考(3,japanese)		Tracker/Design/Core/tracker-architecture-plan.md:17; Tracker/Design/DebugHost/debug-host-cli-ui-detail-design.md:15; Tracker/Design/tasks-status.md:9; Tracker/Design/Core/tracker-core-engine-detail-design.md:7; Tracker/Design/Core/tracker-history-000-038.md:3; Tracker/Design/RuntimeHost/runtime-host-plan.md:3; AGENTS.md:2; Tracker/Design/DebugHost/debug-host-maintainability-design.md:2
synonym:エンジン	63	engine(61,english); エンジン(2,katakana)		Tracker/Design/Core/tracker-history-000-038.md:21; Tracker/Design/Core/tracker-architecture-plan.md:18; Tracker/Design/Core/tracker-test-maintainability-detail-design.md:7; Tracker/Design/Core/tracker-core-engine-detail-design.md:6; Tracker/Tracker.DebugHost/README.md:5; Tracker/Design/RuntimeHost/runtime-host-plan.md:2; Tracker/Tracker.CaptureReplay/README.md:2; Tracker/Design/DebugHost/debug-host-maintainability-design.md:1
synonym:オブリゲーション	60	責務(59,japanese); 責任(1,japanese)	obligation | オブリゲーション | 義務	Tracker/Design/Core/tracker-architecture-plan.md:12; Tracker/Design/Core/tracker-core-engine-detail-design.md:11; Tracker/Design/DebugHost/debug-host-maintainability-design.md:8; Tracker/Design/tasks-status.md:7; Tracker/Design/Core/tracker-history-000-038.md:6; Tracker/Design/DebugHost/raw-vision-viewer-plan.md:5; Tracker/Design/Core/tracker-test-maintainability-detail-design.md:4; Tracker/Design/DebugHost/debug-host-cli-ui-detail-design.md:3
synonym:スピード	60	速度(50,japanese); speed(10,english)	pace | tempo | スピード | テンポ | ペース | 速さ	Tracker/Design/DebugHost/debug-host-cli-ui-detail-design.md:26; Tracker/Design/Core/tracker-architecture-plan.md:15; Tracker/Tracker.DebugHost/README.md:7; Tracker/Design/Archive/Core/tasks-status.md:6; Tracker/Design/Core/tracker-test-maintainability-detail-design.md:2; Tracker/Design/DebugHost/raw-vision-viewer-plan.md:2; Tracker/Design/Archive/Core/phases-status.md:1; Tracker/Design/Core/tracker-core-engine-detail-design.md:1
synonym:フィルタ	60	filter(59,english); フィルタ(1,katakana)		Tracker/Design/Core/tracker-architecture-plan.md:40; Tracker/Design/Core/tracker-history-000-038.md:8; Tracker/Design/DebugHost/debug-host-cli-ui-detail-design.md:5; Tracker/Tracker.DebugHost/README.md:5; Tracker/Design/Core/tracker-core-engine-detail-design.md:2
synonym:コメント	58	コメント(51,katakana); comment(7,english)		Tracker/Design/Core/tracker-test-maintainability-detail-design.md:18; Tracker/Design/Core/tracker-core-engine-detail-design.md:16; Tracker/Design/Core/tracker-history-000-038.md:14; Tracker/Design/DebugHost/debug-host-maintainability-design.md:9; Tracker/Design/DebugHost/debug-host-cli-ui-detail-design.md:1
synonym:ルール	58	規則(39,japanese); rule(16,english); ルール(3,katakana)	regulation | きまり | レギュレーション | 掟 | 決まり | 決まりごと | 決まり事 | 決めごと | 決め事 | 決り事 | 準則 | 約束ごと | 約束事 | 規制 | 規定 | 規律 | 規程 | 規約	Tracker/Design/Core/tracker-architecture-plan.md:31; Tracker/Design/DebugHost/debug-host-cli-ui-detail-design.md:8; Tracker/Design/DebugHost/raw-vision-viewer-plan.md:4; tools/lint/README.md:4; Tracker/Design/tasks-status.md:3; Tracker/Design/Archive/Core/phases-status.md:1; Tracker/Design/Archive/Core/tasks-status.md:1; Tracker/Design/Archive/DebugHost/phases-status.md:1
synonym:受信	56	受信(53,japanese); 着信(3,japanese)		Tracker/Tracker.DebugHost/README.md:17; Tracker/Design/Core/tracker-architecture-plan.md:14; Tracker/Design/DebugHost/raw-vision-viewer-plan.md:8; Tracker/Design/RuntimeHost/runtime-host-plan.md:5; Tracker/Design/DebugHost/debug-host-cli-ui-detail-design.md:4; Tracker/Design/Archive/Core/tasks-status.md:3; README.md:2; Tracker/Design/Archive/DebugHost/tasks-status.md:1
synonym:リクエスト	55	要求(29,japanese); request(25,english); 要望(1,japanese)	リクエスト | 要請	Tracker/Design/Core/tracker-architecture-plan.md:41; Tracker/Design/Core/tracker-history-000-038.md:6; Tracker/Design/RuntimeHost/runtime-host-plan.md:2; Tracker/Tracker.DebugHost/README.md:2; Tracker/Design/DebugHost/debug-host-cli-ui-detail-design.md:1; Tracker/Design/DebugHost/raw-vision-viewer-plan.md:1; Tracker/Design/Core/tracker-core-engine-detail-design.md:1; Tracker/Design/Core/tracker-test-maintainability-detail-design.md:1
synonym:ラベル	54	label(50,english); ラベル(4,katakana)	letter | レッテル | レーベル	Tracker/Design/DebugHost/debug-host-cli-ui-detail-design.md:33; Tracker/Tracker.DebugHost/README.md:8; Tracker/Design/Core/tracker-architecture-plan.md:7; Tracker/Design/DebugHost/raw-vision-viewer-plan.md:6
synonym:一般	47	通常(45,japanese); 一般(2,japanese)		Tracker/Design/DebugHost/debug-host-cli-ui-detail-design.md:8; Tracker/Design/DebugHost/raw-vision-viewer-plan.md:7; Tracker/Tracker.DebugHost/README.md:7; tools/lint/README.md:7; Tracker/Design/Core/tracker-core-engine-detail-design.md:4; Tracker/Design/Core/tracker-architecture-plan.md:3; Tracker/Design/Core/tracker-test-maintainability-detail-design.md:3; Tracker/Design/DebugHost/debug-host-maintainability-design.md:2
synonym:ジャッジ	46	判定(36,japanese); 判断(10,japanese)	judge | judgement | ジャッジ | ジャッジメント | 審判 | 審査 | 評定	Tracker/Design/Core/tracker-architecture-plan.md:22; Tracker/Design/DebugHost/debug-host-cli-ui-detail-design.md:6; Tracker/Tracker.DebugHost/README.md:6; Tracker/Design/tasks-status.md:4; Tracker/Design/Core/tracker-core-engine-detail-design.md:2; Tracker/Design/Core/tracker-history-000-038.md:2; feedback-points/feedback-points.md:2; Tracker/Design/Core/tracker-test-maintainability-detail-design.md:1
synonym:ランタイム	46	runtime(39,english); 実行時(7,japanese)	ランタイム	Tracker/Design/Core/tracker-architecture-plan.md:11; Tracker/Design/RuntimeHost/runtime-host-plan.md:9; Tracker/Tracker.DebugHost/README.md:6; Tracker/Design/tasks-status.md:5; Tracker/Design/Core/tracker-history-000-038.md:4; Tracker/Design/DebugHost/debug-host-cli-ui-detail-design.md:4; Tracker/Design/Core/tracker-core-engine-detail-design.md:3; Tracker/Design/Core/tracker-test-maintainability-detail-design.md:2
synonym:アウトライン	45	summary(40,english); 概要(4,japanese); 要約(1,japanese)	abstract | outline | resume | résumé | synopsis | あらすじ | あらまし | アウトライン | アブストラクト | サマリ | サマリー | シノプシス | レジメ | レジュメ | 大略 | 大要 | 梗概 | 概ね | 概略 | 粗筋 | 荒筋 | 要旨	Tracker/Design/DebugHost/debug-host-cli-ui-detail-design.md:14; Tracker/Design/Core/tracker-architecture-plan.md:7; Tracker/Design/Core/tracker-test-maintainability-detail-design.md:5; Tracker/Tracker.CaptureReplay/README.md:5; Tracker/Design/tasks-status.md:4; Tracker/Design/Core/tracker-core-engine-detail-design.md:3; Tracker/Tracker.DebugHost/README.md:3; Tracker/Design/DebugHost/raw-vision-viewer-plan.md:2
synonym:インデクス	45	index(44,english); 索引(1,japanese)	インデクス | インデックス	Tracker/Design/DebugHost/debug-host-cli-ui-detail-design.md:33; Tracker/Design/Core/tracker-architecture-plan.md:5; Tracker/Tracker.DebugHost/README.md:4; Tracker/Design/DebugHost/raw-vision-viewer-plan.md:2; Tracker/Design/Archive/Core/tasks-status.md:1
synonym:タイム	45	time(33,english); 時間(12,japanese)	タイム	Tracker/Design/Core/tracker-architecture-plan.md:19; Tracker/Design/DebugHost/debug-host-cli-ui-detail-design.md:8; Tracker/Tracker.DebugHost/README.md:8; Tracker/Design/Core/tracker-core-engine-detail-design.md:3; Tracker/Design/Core/tracker-test-maintainability-detail-design.md:2; Tracker/Design/Archive/Core/tasks-status.md:2; Tracker/Design/RuntimeHost/runtime-host-plan.md:2; Tracker/Design/DebugHost/raw-vision-viewer-plan.md:1
synonym:レビュー	45	review(35,english); レビュー(10,katakana)	レヴュー | 批評 | 評論 | 論評	Tracker/Design/Core/tracker-history-000-038.md:33; Tracker/Design/DebugHost/debug-host-cli-ui-detail-design.md:5; Tracker/Design/Core/tracker-test-maintainability-detail-design.md:3; Tracker/Design/Core/tracker-core-engine-detail-design.md:1; README.md:1; Tracker/Design/Core/tracker-architecture-plan.md:1; Tracker/Design/DebugHost/debug-host-maintainability-design.md:1
synonym:ボタン	43	button(38,english); ボタン(5,katakana)		Tracker/Design/DebugHost/debug-host-cli-ui-detail-design.md:30; Tracker/Design/Core/tracker-architecture-plan.md:7; Tracker/Design/DebugHost/raw-vision-viewer-plan.md:4; Tracker/Tracker.DebugHost/README.md:2
synonym:了承	43	許可(38,japanese); 承認(5,japanese)	ゆるし | 了承 | 了解 | 受諾 | 承知 | 承諾 | 裁可 | 許し | 許諾 | 認可	tools/lint/README.md:15; Tracker/Design/tasks-status.md:14; Tracker/Design/Core/tracker-architecture-plan.md:4; Tracker/Design/phases-status.md:4; Tracker/Design/DebugHost/debug-host-cli-ui-detail-design.md:2; feedback-points/feedback-points.md:2; Tracker/Design/Core/tracker-history-000-038.md:2
synonym:モード	41	mode(38,english); モード(3,katakana)		Tracker/Design/DebugHost/debug-host-cli-ui-detail-design.md:15; Tracker/Design/RuntimeHost/runtime-host-plan.md:11; Tracker/Design/DebugHost/raw-vision-viewer-plan.md:9; Tracker/Tracker.DebugHost/README.md:4; Tracker/Design/Core/tracker-architecture-plan.md:1; Tracker/Design/tasks-status.md:1
synonym:オリジン	40	開始(31,japanese); 着手(7,japanese); start(1,english); 起点(1,japanese)	kickoff | origin | roots | starting | おこり | オリジン | キックオフ | スターティング | スタート | ルーツ | 出発 | 出発点 | 原点 | 始まり | 根源 | 発進 | 起こり | 起原 | 起源	Tracker/Design/DebugHost/debug-host-cli-ui-detail-design.md:21; Tracker/Design/Core/tracker-architecture-plan.md:5; Tracker/Tracker.DebugHost/README.md:3; Tracker/Design/Archive/DebugHost/phases-status.md:3; Tracker/Design/Archive/DebugHost/tasks-status.md:3; Tracker/Design/Archive/Core/tasks-status.md:2; Tracker/Design/DebugHost/raw-vision-viewer-plan.md:1; Tracker/Design/tasks-status.md:1
synonym:ポジション	40	位置(35,japanese); position(5,english)	ポジション	Tracker/Design/Core/tracker-architecture-plan.md:25; Tracker/Design/Core/tracker-core-engine-detail-design.md:5; Tracker/Design/DebugHost/debug-host-cli-ui-detail-design.md:4; Tracker/Design/Archive/Core/tasks-status.md:2; Tracker/Design/Core/tracker-history-000-038.md:2; Tracker/Design/Archive/DebugHost/tasks-status.md:1; Tracker/Design/DebugHost/raw-vision-viewer-plan.md:1
synonym:ペンディング	35	pending(29,english); 保留(6,japanese)	ペンディング | ペンド | 棚上げ | 留保	Tracker/Design/Core/tracker-architecture-plan.md:21; Tracker/Design/Core/tracker-core-engine-detail-design.md:5; Tracker/Design/tasks-status.md:5; Tracker/Design/Core/tracker-history-000-038.md:1; Tracker/Design/RuntimeHost/runtime-host-plan.md:1; Tracker/Tracker.DebugHost/README.md:1; Tracker/Design/Archive/Core/phases-status.md:1
synonym:クラス	34	class(33,english); クラス(1,katakana)		Tracker/Design/Core/tracker-test-maintainability-detail-design.md:18; Tracker/Design/DebugHost/debug-host-maintainability-design.md:6; Tracker/Design/Core/tracker-core-engine-detail-design.md:5; Tracker/Design/Core/tracker-history-000-038.md:3; Tracker/Design/DebugHost/debug-host-cli-ui-detail-design.md:1; Tracker/Design/Core/tracker-architecture-plan.md:1
synonym:ユーザ	33	利用者(21,japanese); ユーザー(12,katakana)	user | ユーザ	Tracker/Design/tasks-status.md:7; tools/lint/README.md:5; Tracker/Design/DebugHost/debug-host-cli-ui-detail-design.md:5; feedback-points/feedback-points.md:4; AGENTS.md:3; Tracker/Design/Core/tracker-architecture-plan.md:3; Tracker/Design/Core/tracker-history-000-038.md:2; Tracker/Design/Archive/DebugHost/tasks-status.md:1
synonym:ラスト	33	最終(25,japanese); last(5,english); 最後(3,japanese)	ラスト | 終わり	Tracker/Design/Core/tracker-architecture-plan.md:10; Tracker/Design/tasks-status.md:7; Tracker/Design/Core/tracker-history-000-038.md:5; Tracker/Design/DebugHost/debug-host-cli-ui-detail-design.md:3; Tracker/Design/Archive/DebugHost/tasks-status.md:2; Tracker/Design/DebugHost/raw-vision-viewer-plan.md:2; Tracker/Design/Archive/Core/tasks-status.md:1; feedback-points/feedback-points.md:1
synonym:インサイド	32	内部(30,japanese); 内側(2,japanese)	inside | インサイド | 内面	Tracker/Design/Core/tracker-architecture-plan.md:21; Tracker/Design/Core/tracker-history-000-038.md:2; Tracker/Tracker.DebugHost/README.md:2; AGENTS.md:2; Tracker/Design/Archive/DebugHost/tasks-status.md:1; Tracker/Design/Core/tracker-core-engine-detail-design.md:1; Tracker/Design/Core/tracker-test-maintainability-detail-design.md:1; Tracker/Design/DebugHost/raw-vision-viewer-plan.md:1
synonym:ストップ	32	Stop(16,english); 停止(16,japanese)	ストップ	Tracker/Design/DebugHost/debug-host-cli-ui-detail-design.md:13; Tracker/Design/Core/tracker-architecture-plan.md:7; Tracker/Design/DebugHost/raw-vision-viewer-plan.md:6; Tracker/Tracker.DebugHost/README.md:4; Tracker/Design/Archive/DebugHost/tasks-status.md:2
synonym:コネクション	29	関連(14,japanese); 関係(12,japanese); 結合(3,japanese)	connection | relation | つながり | コネクション | リレーション | 係わり | 結びつき | 結び付き | 繋がり | 連関 | 関わり | 関わり合い	Tracker/Design/tasks-status.md:5; Tracker/Design/Core/tracker-history-000-038.md:4; Tracker/Design/Core/tracker-core-engine-detail-design.md:3; Tracker/Design/DebugHost/debug-host-cli-ui-detail-design.md:3; feedback-points/feedback-points.md:3; Tracker/Design/DebugHost/raw-vision-viewer-plan.md:3; Tracker/Design/Archive/Core/tasks-status.md:2; Tracker/Design/Archive/DebugHost/tasks-status.md:2
synonym:コンパチ	29	互換(25,japanese); 互換性(4,japanese)	compatible | コンパチ | コンパチブル	Tracker/Design/DebugHost/debug-host-cli-ui-detail-design.md:7; Tracker/Design/tasks-status.md:5; Tracker/Design/RuntimeHost/runtime-host-plan.md:4; Tracker/Design/Core/tracker-architecture-plan.md:3; Tracker/Design/DebugHost/raw-vision-viewer-plan.md:3; README.md:1; Tracker/Design/Archive/DebugHost/phases-status.md:1; Tracker/Design/Archive/DebugHost/tasks-status.md:1
synonym:ノーマル	29	正常(27,japanese); normal(2,english)	ノーマル | 普通	Tracker/Design/tasks-status.md:15; Tracker/Design/DebugHost/debug-host-cli-ui-detail-design.md:4; Tracker/Design/phases-status.md:3; Tracker/Design/Core/tracker-history-000-038.md:2; Tracker/Design/RuntimeHost/runtime-host-plan.md:2; Tracker/Design/Core/tracker-core-engine-detail-design.md:1; Tracker/Design/DebugHost/raw-vision-viewer-plan.md:1; Tracker/Tracker.DebugHost/README.md:1
synonym:フューチャー	28	将来(25,japanese); future(2,english); 未来(1,japanese)	フューチャー | 先行き | 前途 | 行く先 | 行く末	Tracker/Design/RuntimeHost/runtime-host-plan.md:8; Tracker/Design/Core/tracker-architecture-plan.md:7; Tracker/Design/DebugHost/raw-vision-viewer-plan.md:5; Tracker/Design/tasks-status.md:5; Tracker/Design/Core/tracker-core-engine-detail-design.md:1; Tracker/Design/DebugHost/debug-host-maintainability-design.md:1; Tracker/Design/phases-status.md:1
synonym:決定	26	確定(22,japanese); 決定(4,japanese)		Tracker/Design/Core/tracker-architecture-plan.md:17; Tracker/Design/tasks-status.md:4; Tracker/Design/Archive/DebugHost/tasks-status.md:2; Tracker/Design/DebugHost/debug-host-cli-ui-detail-design.md:1; tools/lint/README.md:1; Tracker/Design/Core/tracker-core-engine-detail-design.md:1
synonym:メソッド	25	method(24,english); 方式(1,japanese)	メソッド	Tracker/Design/Core/tracker-core-engine-detail-design.md:9; Tracker/Design/DebugHost/debug-host-maintainability-design.md:7; Tracker/Design/Core/tracker-test-maintainability-detail-design.md:5; Tracker/Design/Core/tracker-history-000-038.md:3; Tracker/Design/Core/tracker-architecture-plan.md:1
synonym:データ	22	data(14,english); データ(8,katakana)	データー	Tracker/Design/Core/tracker-architecture-plan.md:10; Tracker/Design/DebugHost/debug-host-cli-ui-detail-design.md:7; Tracker/Tracker.DebugHost/README.md:2; README.md:1; Tracker/Design/Core/tracker-history-000-038.md:1; Tracker/Design/DebugHost/raw-vision-viewer-plan.md:1
synonym:ナンバー	21	number(20,english); 番号(1,japanese)	ナンバー	Tracker/Design/DebugHost/debug-host-cli-ui-detail-design.md:9; Tracker/Design/Core/tracker-core-engine-detail-design.md:5; Tracker/Design/Core/tracker-architecture-plan.md:3; Tracker/Design/DebugHost/debug-host-maintainability-design.md:1; Tracker/Design/RuntimeHost/runtime-host-plan.md:1; Tracker/Tracker.DebugHost/README.md:1; feedback-points/feedback-points.md:1
synonym:ベース	21	基本(8,japanese); base(5,english); ベース(4,katakana); 基盤(4,japanese)	土台 | 基礎	Tracker/Design/Core/tracker-architecture-plan.md:8; Tracker/Design/Core/tracker-history-000-038.md:4; Tracker/Design/Core/tracker-core-engine-detail-design.md:2; Tracker/Design/DebugHost/debug-host-maintainability-design.md:2; Tracker/Tracker.CaptureReplay/README.md:2; Tracker/Design/Core/tracker-test-maintainability-detail-design.md:2; Tracker/Tracker.DebugHost/README.md:1
synonym:構成	21	構成(17,japanese); 組み立て(4,japanese)	組成	Tracker/Design/Core/tracker-architecture-plan.md:6; Tracker/Design/tasks-status.md:6; Tracker/Design/DebugHost/raw-vision-viewer-plan.md:4; Tracker/Design/Core/tracker-core-engine-detail-design.md:2; README.md:1; Tracker/Design/DebugHost/debug-host-cli-ui-detail-design.md:1; Tracker/Design/RuntimeHost/runtime-host-plan.md:1
synonym:この先	20	以降(11,japanese); 以後(4,japanese); その後(3,japanese); 今後(2,japanese)	この先	Tracker/Design/Core/tracker-architecture-plan.md:7; Tracker/Design/DebugHost/debug-host-cli-ui-detail-design.md:4; Tracker/Design/tasks-status.md:4; Tracker/Design/Core/tracker-test-maintainability-detail-design.md:2; Tracker/Design/Core/tracker-history-000-038.md:1; Tracker/Design/DebugHost/raw-vision-viewer-plan.md:1; tools/lint/README.md:1
synonym:コントロール	19	control(12,english); 制御(7,japanese)	コントロール	Tracker/Design/DebugHost/debug-host-cli-ui-detail-design.md:10; Tracker/Design/Core/tracker-architecture-plan.md:2; Tracker/Design/tasks-status.md:2; Tracker/Design/DebugHost/raw-vision-viewer-plan.md:1; Tracker/Design/RuntimeHost/runtime-host-plan.md:1; Tracker/Tracker.DebugHost/README.md:1; Tracker/Design/Archive/Core/phases-status.md:1; Tracker/Design/DebugHost/debug-host-maintainability-design.md:1
synonym:デスクリプション	18	説明(16,japanese); 記述(2,japanese)	description | デスクリプション	Tracker/Design/DebugHost/debug-host-maintainability-design.md:3; Tracker/Design/tasks-status.md:3; Tracker/Design/Core/tracker-core-engine-detail-design.md:2; Tracker/Design/DebugHost/raw-vision-viewer-plan.md:2; tools/lint/README.md:2; Tracker/Design/Archive/DebugHost/tasks-status.md:1; Tracker/Design/Core/tracker-test-maintainability-detail-design.md:1; Tracker/Design/DebugHost/debug-host-cli-ui-detail-design.md:1
synonym:リポート	18	report(10,english); 報告書(5,japanese); レポート(3,katakana)	リポート | レポ | 復命書	Tracker/Design/Core/tracker-history-000-038.md:5; feedback-points/feedback-points.md:3; Tracker/Design/Core/tracker-test-maintainability-detail-design.md:2; Tracker/Tracker.DebugHost/README.md:2; tools/lint/README.md:2; Tracker/Design/Core/tracker-architecture-plan.md:1; Tracker/Design/DebugHost/debug-host-cli-ui-detail-design.md:1; Tracker/Design/DebugHost/debug-host-maintainability-design.md:1
synonym:ジョブ	17	タスク(11,katakana); task(6,english)	job | ジョブ	Tracker/Design/DebugHost/debug-host-cli-ui-detail-design.md:8; Tracker/Design/Core/tracker-history-000-038.md:5; Tracker/Design/Core/tracker-architecture-plan.md:2; Tracker/Design/DebugHost/debug-host-maintainability-design.md:1; Tracker/Design/DebugHost/raw-vision-viewer-plan.md:1
synonym:フリークエンシー	17	頻度(11,japanese); 回数(4,japanese); frequency(2,english)	フリークエンシー | 度数	Tracker/Design/Core/tracker-architecture-plan.md:7; Tracker/Design/DebugHost/debug-host-cli-ui-detail-design.md:3; Tracker/Design/tasks-status.md:2; tools/lint/README.md:2; Tracker/Design/DebugHost/raw-vision-viewer-plan.md:1; Tracker/Tracker.DebugHost/README.md:1; feedback-points/feedback-points.md:1
synonym:リユース	17	再利用(16,japanese); reuse(1,english)	リユース	Tracker/Design/DebugHost/debug-host-cli-ui-detail-design.md:5; Tracker/Design/Core/tracker-architecture-plan.md:4; Tracker/Design/tasks-status.md:3; AGENTS.md:2; README.md:1; Tracker/Design/RuntimeHost/runtime-host-plan.md:1; Tracker/Design/DebugHost/raw-vision-viewer-plan.md:1
synonym:リーズン	17	reason(6,english); 経過(6,japanese); 理由(5,japanese)	いきさつ | リーズン | 事情 | 事由 | 経緯 | 訳	Tracker/Design/DebugHost/debug-host-cli-ui-detail-design.md:6; Tracker/Design/DebugHost/raw-vision-viewer-plan.md:5; Tracker/Design/Core/tracker-architecture-plan.md:3; Tracker/Tracker.DebugHost/README.md:2; tools/lint/README.md:1
synonym:ローカル	17	local(16,english); ローカル(1,katakana)	現地	Tracker/Design/Core/tracker-architecture-plan.md:6; Tracker/Design/DebugHost/debug-host-cli-ui-detail-design.md:3; Tracker/Tracker.DebugHost/README.md:3; Tracker/Design/DebugHost/raw-vision-viewer-plan.md:2; Tracker/Design/Core/tracker-test-maintainability-detail-design.md:1; Tracker/Design/DebugHost/debug-host-maintainability-design.md:1; Tracker/Design/RuntimeHost/runtime-host-plan.md:1
synonym:オート	16	自動(15,japanese); auto(1,english)	automatic | オート | オートマ | オートマチック | オートマティック | 勝手に | 自動的	Tracker/Tracker.DebugHost/README.md:5; Tracker/Design/Core/tracker-architecture-plan.md:2; Tracker/Design/DebugHost/raw-vision-viewer-plan.md:2; Tracker/Tracker.CaptureReplay/README.md:2; Tracker/Design/DebugHost/debug-host-cli-ui-detail-design.md:1; Tracker/Design/DebugHost/debug-host-maintainability-design.md:1; Tracker/Design/phases-status.md:1; Tracker/Design/tasks-status.md:1
synonym:コード	16	code(15,english); コード(1,katakana)		Tracker/Design/Core/tracker-test-maintainability-detail-design.md:4; Tracker/Design/DebugHost/debug-host-maintainability-design.md:4; Tracker/Tracker.DebugHost/README.md:3; Tracker/Design/RuntimeHost/runtime-host-plan.md:2; Tracker/Design/Core/tracker-architecture-plan.md:1; Tracker/Tracker.CaptureReplay/README.md:1; Tracker/Design/Core/tracker-core-engine-detail-design.md:1
synonym:ノイズ	16	noise(14,english); ノイズ(2,katakana)	雑音 | 騒音	Tracker/Design/Core/tracker-architecture-plan.md:11; Tracker/Tracker.DebugHost/README.md:3; Tracker/Design/Core/tracker-core-engine-detail-design.md:2
synonym:マニュアル	16	手動(12,japanese); manual(4,english)	マニュアル	Tracker/Design/tasks-status.md:4; Tracker/Tracker.DebugHost/README.md:4; Tracker/Design/Archive/Core/tasks-status.md:3; Tracker/Design/DebugHost/debug-host-cli-ui-detail-design.md:2; Tracker/Design/Archive/Core/phases-status.md:1; Tracker/Design/Core/tracker-architecture-plan.md:1; Tracker/Design/RuntimeHost/runtime-host-plan.md:1
synonym:スレッショルド	15	threshold(6,english); 閾値(6,japanese); 閾値(3,japanese)	スレッショルド	Tracker/Design/Core/tracker-architecture-plan.md:10; Tracker/Design/Core/tracker-test-maintainability-detail-design.md:2; Tracker/Tracker.DebugHost/README.md:2; Tracker/Design/Core/tracker-core-engine-detail-design.md:1
synonym:デフォルト値	15	既定値(11,japanese); 初期値(4,japanese)	デフォルト値 | デフォ値	Tracker/Design/Core/tracker-architecture-plan.md:5; Tracker/Design/DebugHost/raw-vision-viewer-plan.md:3; Tracker/Design/RuntimeHost/runtime-host-plan.md:3; Tracker/Design/Core/tracker-core-engine-detail-design.md:2; Tracker/Tracker.DebugHost/README.md:2
synonym:リアルタイム	15	同時(13,japanese); 即時(2,japanese)	real time | リアルタイム | リアル・タイム	Tracker/Design/Core/tracker-architecture-plan.md:5; Tracker/Design/Archive/DebugHost/tasks-status.md:4; Tracker/Tracker.DebugHost/README.md:3; Tracker/Design/Core/tracker-core-engine-detail-design.md:1; Tracker/Design/Core/tracker-test-maintainability-detail-design.md:1; Tracker/Design/RuntimeHost/runtime-host-plan.md:1
synonym:レベル	15	段階(14,japanese); レベル(1,katakana)	level | レヴェル	Tracker/Design/phases-status.md:5; Tracker/Design/tasks-status.md:5; Tracker/Design/Core/tracker-architecture-plan.md:4; Tracker/Design/DebugHost/raw-vision-viewer-plan.md:1
synonym:支度	15	準備(14,japanese); 用意(1,japanese)	支度	Tracker/Design/Archive/DebugHost/tasks-status.md:6; Tracker/Design/Archive/Core/tasks-status.md:2; Tracker/Design/Archive/DebugHost/phases-status.md:2; Tracker/Design/Core/tracker-history-000-038.md:2; Tracker/Design/Archive/Core/phases-status.md:1; Tracker/Design/phases-status.md:1; tools/lint/README.md:1
synonym:えり抜き	13	selection(9,english); 選定(4,japanese)	えりぬき | えり抜き | よりぬき | より抜き | セレクション | 粒ぞろい | 粒より | 粒揃い | 粒選り | 選りぬき | 選り抜き | 選抜	Tracker/Design/DebugHost/debug-host-cli-ui-detail-design.md:7; Tracker/Design/Core/tracker-architecture-plan.md:2; Tracker/Design/Core/tracker-history-000-038.md:2; Tracker/Design/DebugHost/debug-host-maintainability-design.md:1; Tracker/Design/DebugHost/raw-vision-viewer-plan.md:1
synonym:イシュー	13	問題(9,japanese); 課題(3,japanese); Issue(1,english)	イシュー	Tracker/Design/Archive/Core/tasks-status.md:3; Tracker/Design/Archive/DebugHost/tasks-status.md:3; Tracker/Design/Core/tracker-architecture-plan.md:2; Tracker/Design/Core/tracker-history-000-038.md:1; Tracker/Design/Core/tracker-test-maintainability-detail-design.md:1; Tracker/Design/DebugHost/debug-host-cli-ui-detail-design.md:1; Tracker/Tracker.DebugHost/README.md:1; Tracker/Design/DebugHost/raw-vision-viewer-plan.md:1
synonym:クォリティ	13	品質(9,japanese); quality(4,english)	クォリティ | クォリティー | クオリティ | クオリティー	Tracker/Design/Core/tracker-architecture-plan.md:9; Tracker/Design/phases-status.md:1; tools/lint/README.md:1; Tracker/Design/Core/tracker-core-engine-detail-design.md:1; Tracker/Design/Core/tracker-history-000-038.md:1
synonym:ディレイ	13	遅延(12,japanese); 遅れ(1,japanese)	delay | ディレイ | ディレー | 延滞 | 遅滞	Tracker/Design/Core/tracker-architecture-plan.md:3; Tracker/Design/tasks-status.md:3; Tracker/Design/phases-status.md:2; Tracker/Tracker.CaptureReplay/README.md:2; Tracker/Design/DebugHost/debug-host-cli-ui-detail-design.md:1; Tracker/Design/RuntimeHost/runtime-host-plan.md:1; Tracker/Tracker.DebugHost/README.md:1
synonym:ビルド	13	build(12,english); ビルド(1,katakana)		Tracker/Design/DebugHost/debug-host-cli-ui-detail-design.md:4; Tracker/Design/Core/tracker-history-000-038.md:3; tools/lint/README.md:2; Tracker/Design/Core/tracker-architecture-plan.md:1; Tracker/Design/Core/tracker-core-engine-detail-design.md:1; Tracker/Tracker.DebugHost/README.md:1; README.md:1
synonym:メカ	13	構造(12,japanese); 仕組み(1,japanese)	mechanism | メカ | メカニズム | 機構	Tracker/Design/Core/tracker-architecture-plan.md:6; Tracker/Design/tasks-status.md:3; Tracker/Design/DebugHost/raw-vision-viewer-plan.md:2; Tracker/Design/RuntimeHost/runtime-host-plan.md:1; tools/lint/README.md:1
synonym:使用	13	運用(9,japanese); 利用(4,japanese)	使用 | 活用	Tracker/Design/DebugHost/debug-host-cli-ui-detail-design.md:5; Tracker/Design/Archive/Core/tasks-status.md:2; Tracker/Tracker.DebugHost/README.md:2; Tracker/Design/Core/tracker-architecture-plan.md:1; Tracker/Design/Core/tracker-history-000-038.md:1; Tracker/Design/DebugHost/raw-vision-viewer-plan.md:1; Tracker/Tracker.CaptureReplay/README.md:1
synonym:承継	13	継続(12,japanese); 継承(1,japanese)	承継	Tracker/Design/Core/tracker-core-engine-detail-design.md:6; Tracker/Design/DebugHost/raw-vision-viewer-plan.md:2; Tracker/Design/Core/tracker-architecture-plan.md:1; Tracker/Design/Core/tracker-history-000-038.md:1; Tracker/Design/tasks-status.md:1; Tracker/Tracker.DebugHost/README.md:1; Tracker/Design/Core/tracker-test-maintainability-detail-design.md:1
synonym:イエロー	12	yellow(10,english); 黄色(2,japanese)	イエロー | 黄	Tracker/Design/DebugHost/debug-host-cli-ui-detail-design.md:7; Tracker/Design/Core/tracker-history-000-038.md:2; Tracker/Design/DebugHost/debug-host-maintainability-design.md:1; Tracker/Design/DebugHost/raw-vision-viewer-plan.md:1; Tracker/Tracker.DebugHost/README.md:1
synonym:インタフェイス	12	interface(11,english); インターフェース(1,katakana)	インタフェイス | インタフェース | インターフェイス	Tracker/Design/DebugHost/raw-vision-viewer-plan.md:3; Tracker/Tracker.DebugHost/README.md:3; Tracker/Design/Core/tracker-core-engine-detail-design.md:2; Tracker/Design/DebugHost/debug-host-cli-ui-detail-design.md:1; Tracker/Design/DebugHost/debug-host-maintainability-design.md:1; Tracker/Design/RuntimeHost/runtime-host-plan.md:1; Tracker/Design/Core/tracker-architecture-plan.md:1
synonym:ゲート	12	gate(11,english); ゲート(1,katakana)	出入り口 | 門	Tracker/Design/Core/tracker-architecture-plan.md:9; Tracker/Design/DebugHost/debug-host-cli-ui-detail-design.md:2; Tracker/Design/Core/tracker-test-maintainability-detail-design.md:1
synonym:ディクショナリ	12	辞書(11,japanese); dictionary(1,english)	ディクショナリ | ディクショナリー | 字引 | 辞典	tools/lint/README.md:7; Tracker/Design/tasks-status.md:3; Tracker/Design/phases-status.md:1; Tracker/Design/DebugHost/debug-host-cli-ui-detail-design.md:1
synonym:アダプテーション	11	該当(7,japanese); 適合(4,japanese)	adaptation | アダプテーション | 即応 | 適応 | 順応	Tracker/Design/DebugHost/debug-host-cli-ui-detail-design.md:4; Tracker/Design/tasks-status.md:4; AGENTS.md:1; Tracker/Design/Core/tracker-architecture-plan.md:1; Tracker/Design/Core/tracker-test-maintainability-detail-design.md:1
synonym:インストラクション	11	指示(8,japanese); 命令(3,japanese)	instruction | インストラクション | 指令 | 指図	feedback-points/feedback-points.md:7; AGENTS.md:1; Tracker/Design/phases-status.md:1; Tracker/Design/tasks-status.md:1; tools/lint/README.md:1
synonym:コンパクト	11	compact(10,english); 小型(1,japanese)	mini | petit | コンパクト | プチ | ミニ | ミニサイズ | 小ぶり | 小サイズ | 小作り | 小振り	Tracker/Design/DebugHost/debug-host-cli-ui-detail-design.md:7; Tracker/Design/Core/tracker-architecture-plan.md:1; Tracker/Design/DebugHost/raw-vision-viewer-plan.md:1; Tracker/Tracker.DebugHost/README.md:1; Tracker/Design/Archive/DebugHost/tasks-status.md:1
synonym:判別	11	識別(8,japanese); 判別(3,japanese)	弁別	Tracker/Design/Core/tracker-architecture-plan.md:4; Tracker/Design/DebugHost/debug-host-cli-ui-detail-design.md:3; Tracker/Design/DebugHost/raw-vision-viewer-plan.md:3; Tracker/Tracker.DebugHost/README.md:1
synonym:ネット	10	NET(6,english); network(3,english); ネットワーク(1,katakana)	ネット	tools/lint/README.md:2; Tracker/Design/Core/tracker-history-000-038.md:2; AGENTS.md:1; README.md:1; Tracker/Design/RuntimeHost/runtime-host-plan.md:1; Tracker/Tracker.DebugHost/README.md:1; Tracker/Design/Core/tracker-architecture-plan.md:1; Tracker/Design/DebugHost/debug-host-cli-ui-detail-design.md:1
synonym:エビデンス	9	evidence(8,english); 証明(1,japanese)	proof | あかし | エビデンス | プルーフ | 裏付け | 証 | 証拠	Tracker/Tracker.DebugHost/README.md:4; Tracker/Design/DebugHost/debug-host-cli-ui-detail-design.md:3; Tracker/Design/RuntimeHost/runtime-host-plan.md:1; Tracker/Design/Archive/DebugHost/phases-status.md:1
synonym:メインテナンス	9	maintenance(6,english); 整備(3,japanese)	メインテナンス | メンテ | メンテナンス	Tracker/Design/Core/tracker-history-000-038.md:6; Tracker/Design/tasks-status.md:2; Tracker/Design/phases-status.md:1
synonym:仕分け	9	色分け(5,japanese); 分類(4,japanese)	仕分け | 類別	Tracker/Design/DebugHost/debug-host-cli-ui-detail-design.md:6; Tracker/Design/Core/tracker-test-maintainability-detail-design.md:2; feedback-points/feedback-points.md:1
synonym:原因	9	原因(8,japanese); 起因(1,japanese)	きっかけ | 引き金	Tracker/Design/Core/tracker-history-000-038.md:5; Tracker/Design/Archive/Core/tasks-status.md:1; Tracker/Design/phases-status.md:1; Tracker/Design/tasks-status.md:1; Tracker/Design/Core/tracker-architecture-plan.md:1
synonym:アルゴリズム	8	アルゴリズム(5,katakana); algorithm(3,english)		Tracker/Design/Core/tracker-architecture-plan.md:3; Tracker/Design/DebugHost/debug-host-cli-ui-detail-design.md:2; Tracker/Design/RuntimeHost/runtime-host-plan.md:2; Tracker/Design/Core/tracker-core-engine-detail-design.md:1
synonym:プロジェクション	8	投影(5,japanese); projection(3,english)	プロジェクション	Tracker/Design/Archive/DebugHost/tasks-status.md:2; Tracker/Design/Core/tracker-architecture-plan.md:2; Tracker/Design/DebugHost/debug-host-cli-ui-detail-design.md:2; Tracker/Design/DebugHost/raw-vision-viewer-plan.md:1; Tracker/Design/Core/tracker-core-engine-detail-design.md:1
synonym:ページ	8	page(6,english); ページ(2,katakana)		Tracker/Design/DebugHost/debug-host-cli-ui-detail-design.md:3; Tracker/Design/Core/tracker-architecture-plan.md:2; Tracker/Design/DebugHost/raw-vision-viewer-plan.md:2; Tracker/Tracker.DebugHost/README.md:1
synonym:メタ	8	meta(4,english); メタ(4,katakana)		Tracker/Design/Core/tracker-core-engine-detail-design.md:4; Tracker/Design/Core/tracker-architecture-plan.md:4
synonym:パラメタ	7	parameter(5,english); パラメータ(1,katakana); 変数(1,japanese)	パラメタ	Tracker/Design/Core/tracker-architecture-plan.md:2; Tracker/Design/Core/tracker-core-engine-detail-design.md:1; Tracker/Design/Core/tracker-history-000-038.md:1; Tracker/Tracker.DebugHost/README.md:1; Tracker/Design/DebugHost/debug-host-maintainability-design.md:1; Tracker/Design/DebugHost/raw-vision-viewer-plan.md:1
synonym:リスク	7	リスク(6,katakana); risk(1,english)	危険性	Tracker/Design/DebugHost/debug-host-cli-ui-detail-design.md:2; Tracker/Design/DebugHost/debug-host-maintainability-design.md:2; Tracker/Design/Core/tracker-architecture-plan.md:1; Tracker/Design/Core/tracker-core-engine-detail-design.md:1; Tracker/Tracker.DebugHost/README.md:1
synonym:サイズ	6	size(4,english); サイズ(2,katakana)	大きさ	Tracker/Design/DebugHost/debug-host-cli-ui-detail-design.md:3; Tracker/Design/Core/tracker-architecture-plan.md:1; Tracker/Design/DebugHost/raw-vision-viewer-plan.md:1; Tracker/Tracker.DebugHost/README.md:1
synonym:タイトル	6	題名(4,japanese); title(2,english)	タイトル	Tracker/Design/tasks-status.md:4; Tracker/Design/DebugHost/raw-vision-viewer-plan.md:2
synonym:デュープ	6	duplicate(3,english); 複製(2,japanese); 複写(1,japanese)	dupe | デュープ | デュープリケート | 写し | 副本	Tracker/Design/Core/tracker-architecture-plan.md:3; Tracker/Design/Core/tracker-test-maintainability-detail-design.md:1; Tracker/Design/tasks-status.md:1; tools/lint/README.md:1
synonym:ネーミング	6	命名(5,japanese); naming(1,english)	ネーミング | 名付け	Tracker/Design/tasks-status.md:2; Tracker/Design/Core/tracker-core-engine-detail-design.md:1; Tracker/Design/Core/tracker-history-000-038.md:1; Tracker/Design/RuntimeHost/runtime-host-plan.md:1; Tracker/Design/Core/tracker-architecture-plan.md:1
synonym:ノーマライズ	6	正規化(4,japanese); normalize(2,english)	ノーマライズ	Tracker/Design/Core/tracker-architecture-plan.md:3; Tracker/Design/Core/tracker-core-engine-detail-design.md:2; Tracker/Design/DebugHost/debug-host-cli-ui-detail-design.md:1
synonym:リポジトリ	6	repository(4,english); リポジトリ(2,katakana)	レポジトリ | レポジトリー	README.md:3; Tracker/Tracker.DebugHost/README.md:2; Tracker/Design/RuntimeHost/runtime-host-plan.md:1
synonym:ロジック	6	logic(4,english); ロジック(2,katakana)	論理	Tracker/Design/RuntimeHost/runtime-host-plan.md:4; Tracker/Design/Core/tracker-architecture-plan.md:1; README.md:1
synonym:アンノウン	5	unknown(3,english); 未知(2,japanese)	アンノウン	Tracker/Design/DebugHost/debug-host-cli-ui-detail-design.md:3; Tracker/Design/DebugHost/debug-host-maintainability-design.md:1; Tracker/Tracker.DebugHost/README.md:1
synonym:コスト	5	コスト(4,katakana); cost(1,english)	出費 | 支出 | 経費 | 費用	Tracker/Design/DebugHost/raw-vision-viewer-plan.md:2; Tracker/Design/DebugHost/debug-host-cli-ui-detail-design.md:1; Tracker/Design/RuntimeHost/runtime-host-plan.md:1; Tracker/Tracker.DebugHost/README.md:1
synonym:スコープ	5	スコープ(3,katakana); scope(2,english)		Tracker/Design/DebugHost/raw-vision-viewer-plan.md:3; Tracker/Design/RuntimeHost/runtime-host-plan.md:1; Tracker/Design/Core/tracker-architecture-plan.md:1
synonym:ドメイン	5	domain(4,english); ドメイン(1,katakana)		Tracker/Design/Core/tracker-architecture-plan.md:2; Tracker/Design/Core/tracker-core-engine-detail-design.md:1; Tracker/Design/Core/tracker-history-000-038.md:1; README.md:1
synonym:プライオリティ	5	優先度(2,japanese); 優先順位(2,japanese); 重要度(1,japanese)	priority | プライオリティ | プライオリティー | 優先順	Tracker/Design/Core/tracker-architecture-plan.md:5
synonym:レイアウト	5	layout(4,english); レイアウト(1,katakana)		Tracker/Design/DebugHost/raw-vision-viewer-plan.md:3; Tracker/Design/Core/tracker-architecture-plan.md:1; Tracker/Design/DebugHost/debug-host-cli-ui-detail-design.md:1
synonym:自分	5	自身(4,japanese); 自分(1,japanese)	自分自身 | 自己	Tracker/Design/Core/tracker-architecture-plan.md:3; Tracker/Design/DebugHost/debug-host-cli-ui-detail-design.md:1; Tracker/Design/Core/tracker-test-maintainability-detail-design.md:1
synonym:アングル	4	角度(3,japanese); angle(1,english)	アングル	Tracker/Design/Core/tracker-architecture-plan.md:2; Tracker/Design/Core/tracker-history-000-038.md:1; Tracker/Design/Core/tracker-core-engine-detail-design.md:1
synonym:ウォーニング	4	warning(2,english); 警告(2,japanese)	ウォーニング | ウオーニング | ワーニング | 注意	Tracker/Design/tasks-status.md:2; Tracker/Design/Core/tracker-history-000-038.md:1; Tracker/Design/DebugHost/raw-vision-viewer-plan.md:1
synonym:エッセンス	4	要素(2,japanese); 本質(1,japanese); 要因(1,japanese)	essence | factor | エッセンス | ファクタ | ファクター | 因子 | 真髄	Tracker/Design/Core/tracker-architecture-plan.md:3; Tracker/Design/Core/tracker-test-maintainability-detail-design.md:1
synonym:カウンタ	4	カウンタ(3,katakana); counter(1,english)		Tracker/Tracker.DebugHost/README.md:3; Tracker/Design/Core/tracker-architecture-plan.md:1
synonym:テキスト	4	本文(3,japanese); text(1,english)	テキスト	Tracker/Design/Archive/Core/tasks-status.md:1; Tracker/Design/DebugHost/debug-host-cli-ui-detail-design.md:1; feedback-points/feedback-points.md:1; Tracker/Design/DebugHost/raw-vision-viewer-plan.md:1
synonym:バックグラウンド	4	background(3,english); 背景(1,japanese)	バックグラウンド | バックグランド	Tracker/Design/DebugHost/raw-vision-viewer-plan.md:4
synonym:ビジュアライゼーション	4	可視化(3,japanese); visualization(1,english)	ビジュアライゼーション | 見える化	README.md:1; Tracker/Design/Core/tracker-architecture-plan.md:1; Tracker/Design/DebugHost/raw-vision-viewer-plan.md:1; Tracker/Design/RuntimeHost/runtime-host-plan.md:1
synonym:マージン	4	margin(2,english); マージン(1,katakana); 余白(1,japanese)		Tracker/Design/Core/tracker-architecture-plan.md:2; Tracker/Design/DebugHost/raw-vision-viewer-plan.md:1; Tracker/Tracker.DebugHost/README.md:1
synonym:代り	4	代わり(2,japanese); 代替(2,japanese)	かわり | 代り | 代替え | 替り | 替わり	Tracker/Tracker.CaptureReplay/README.md:1; Tracker/Tracker.DebugHost/README.md:1; Tracker/Design/Archive/DebugHost/tasks-status.md:1; Tracker/Design/tasks-status.md:1
synonym:インストール	3	環境構築(2,japanese); インストール(1,katakana)	install | setup | セットアップ	Tracker/Design/tasks-status.md:2; tools/lint/README.md:1
synonym:コンテキスト	3	context(1,english); コンテキスト(1,katakana); 文脈(1,japanese)	コンテクスト | 前後関係	Tracker/Tracker.DebugHost/README.md:1; Tracker/Design/Core/tracker-architecture-plan.md:1; Tracker/Design/Core/tracker-history-000-038.md:1
synonym:サポ	3	support(2,english); 支援(1,japanese)	サポ | サポート | 力添え | 後押し | 後援 | 応援 | 扶助 | 援助	Tracker/Design/Core/tracker-test-maintainability-detail-design.md:2; README.md:1
synonym:ヘッダ	3	header(2,english); ヘッダー(1,katakana)	ヘッダ	Tracker/Design/DebugHost/debug-host-cli-ui-detail-design.md:1; Tracker/Design/DebugHost/raw-vision-viewer-plan.md:1; Tracker/Tracker.DebugHost/README.md:1
synonym:メモ	3	メモ(2,katakana); 覚書(1,japanese)	memo | memorandum | メモランダム | メモ書き | 備忘録	Tracker/Design/tasks-status.md:2; Tracker/Design/Core/tracker-architecture-plan.md:1
synonym:フラグ	2	flag(1,english); フラグ(1,katakana)	フラッグ	Tracker/Design/DebugHost/debug-host-cli-ui-detail-design.md:1; Tracker/Design/Core/tracker-architecture-plan.md:1
synonym:フロー	2	フロー(1,katakana); 流れ(1,japanese)	flow	Tracker/Design/Core/tracker-architecture-plan.md:2
synonym:ブランク	2	空欄(1,japanese); 空白(1,japanese)	blank | ブランク	feedback-points/feedback-points.md:1; tools/lint/README.md:1
synonym:プレフィクス	2	prefix(1,english); 接頭辞(1,japanese)	プレフィクス | プレフィックス | 接頭語	Tracker/Tracker.DebugHost/README.md:1; tools/lint/README.md:1
synonym:リリース	2	release(1,english); 解放(1,japanese)	リリース	Tracker/Design/Core/tracker-history-000-038.md:1; Tracker/Design/Core/tracker-architecture-plan.md:1
synonym:何時も	2	常時(1,japanese); 毎回(1,japanese)	いつも | 何時も | 普段 | 毎度	Tracker/Design/DebugHost/debug-host-cli-ui-detail-design.md:1; Tracker/Design/Core/tracker-architecture-plan.md:1
